{"name":"Test Scene","fbWidth":320,"fbHeight":240,"fbFormat":0,"clearColor":[1.0,0.7137097120285034,0.7137097120285034,1.0],"doClearColor":true,"doClearDepth":true}