{"name":"Test Scene","fbWidth":320,"fbHeight":240,"fbFormat":0,"clearColor":[0.4543606638908386,0.5730170607566833,0.9798387289047241,1.0],"doClearColor":true,"doClearDepth":true}