{"name":"Test Scene","fbWidth":320,"fbHeight":240,"fbFormat":0,"clearColor":[0.9395161271095276,0.6386155486106873,0.17805345356464386,1.0],"doClearColor":true,"doClearDepth":true}